{"NeuralNetwork":{"Bias":[[0.0,0.0,0.0,0.0,0.0,0.0,0.0,0.0,0.0],[0.0,0.0,0.0,0.0,0.0,0.0,0.0,0.0],[0.0,0.0,0.0,0.0,0.0,0.0,0.0],[0.0,0.0,0.0,0.0,0.0,0.0],[0.0,0.0,0.0,0.0,0.0],[0.0,0.0,0.0,0.0,0.0,0.0],[0.0,0.0,0.0,0.0,0.0,0.0,0.0],[0.0,0.0,0.0,0.0,0.0,0.0,0.0,0.0],[0.0,0.0,0.0,0.0,0.0,0.0,0.0,0.0,0.0],[0.0,0.0,0.0,0.0,0.0,0.0,0.0,0.0,0.0,0.0]],"LearningRate":0.01,"Topology":[10,9,8,7,6,5,6,7,8,9,10],"Weight":[[0.63903016813054225,0.88591312239221909,0.52249085974064235,0.88222800795092615,0.073018217958984069,0.64731749456716581,0.10663138940307842,0.12566238321627601,0.22986920002376157,0.95806301243513037,0.24475277738866991,0.18193370624535424,0.33263965804718421,0.46586161081952115,0.0038117817620801657,0.52743758378896755,0.69594849771631351,0.96964093575703025,0.81751811449300404,0.14674925205612055,0.095456358089789917,0.052708932223128592,0.059803441194725894,0.414916343248876,0.60361415967513532,0.48397136315888323,0.11531681759064868,0.25574568717542367,0.62988726963749497,0.16650480086286776,0.94641743085645946,0.26891743730237588,0.052417922789425551,0.46890829059710182,0.1511454447876408,0.12543614074840961,0.11622578469860637,0.25777683419071923,0.25109852396468563,0.34609498472236794,0.21583984662584954,0.49585130181901682,0.5280286909677222,0.54847950467303375,0.96171291263853798,0.53184047272980239,0.075917087996339935,0.6576614098891902,0.50148140802117125,0.89343520295500534,0.80441066194531075,0.59693776611096117,0.94614413517813389,0.86421410314003666,0.0118541088941759,0.54975829485326921,0.34818546583325855,0.12717092648482459,0.805503982028693,0.97807273547075346,0.29367572734769237,0.75192141241949118,0.24699017230746809,0.3460936501371179,0.22082970255093171,0.39813561756077021,0.47152979135118883,0.33705548724953804,0.65591245175148938,0.72262831531587446,0.68315047197190604,0.87175229837733892,0.21847961666922999,0.2111791624739669,0.42023180258471138,0.180192529307768,0.74301963520376924,0.49614889104671261,0.83785393919695816,0.24450104322494057,0.38958409353605661,0.64226460114226891,0.84143880933590176,0.33572822824852927,0.50647870381664428,0.85329291869573898,0.88548652310179854,0.85466417011556406,0.98046384518056351,0.69099050466483014],[0.13377514627472273,0.81439132933243708,0.6839475788566971,0.0055274446520616506,0.032870945536005752,0.89512674179632534,0.425759247236773,0.21306347484377375,0.63814637653443329,0.92190813828348561,0.050917414040731926,0.88264741975937389,0.31149223135388093,0.69318201518300082,0.72408622909527565,0.64722046006807143,0.19966071853398379,0.57737914732535334,0.53270698270420869,0.054324888183886602,0.55784299204025556,0.22369748736903886,0.88706179377020422,0.8319825645685115,0.66660940445336014,0.96678887119832857,0.45221578723388528,0.33035102362295193,0.44465156572156195,0.54397880078478655,0.33114813050774305,0.57842671199628459,0.3583701296515624,0.015095709364440157,0.58395415664834627,0.39124107565322941,0.9102224511607655,0.009713403885119317,0.60430455049700316,0.5483688272295375,0.93162154216860493,0.65522196453773507,0.43101624698891128,0.24311377352248587,0.3484039792550746,0.15510247561852564,0.8903342335905573,0.54806469825471971,0.73248162294387897,0.42304121582910476,0.60238958643860629,0.29032461451847319,0.64673870319814364,0.48945137974314923,0.12230717908698469,0.31334810718584249,0.45624025047581657,0.57452296632086997,0.64369913127445577,0.90089181619737846,0.11850176663999527,0.97484726178219883,0.47931852819366311,0.47687189675721892,0.98994297114663898,0.063272684376348129,0.86811297241044838,0.90016542184174309,0.072986088261467449,0.47241752244179019,0.44853424907128059,0.0046076304300723741],[0.56109685290655908,0.62649775092792592,0.057459208209747079,0.20783555610470267,0.11594913020541385,0.17976638729673178,0.52118366329054522,0.57218938114689166,0.75428935361760174,0.16488279409933965,0.47308119687860889,0.87279112072325826,0.13973005588153845,0.952399725072272,0.34966301701481595,0.12967302656251611,0.015672409448620122,0.21777598895960301,0.029838448404259258,0.088658497710087575,0.69019351140139318,0.47837269747553984,0.093266128140159943,0.8178329983809185,0.35792319307007042,0.3409875320927182,0.29387646461551842,0.39257616428312669,0.47904316917017248,0.31798462863917676,0.15971075797440054,0.040140022076731556,0.94448237956710268,0.21716996618414761,0.24797557818143423,0.060431509772516559,0.39693635394654064,0.76915924147197945,0.63262089091940821,0.1512257070984811,0.93404203603698033,0.10570208733235584,0.024016827356078116,0.073772091452857527,0.058101812404627827,0.37367984437089408,0.20344511801537365,0.073774221853247945,0.59145583333049712,0.23328356641963291,0.16243271956333552,0.28164934473189029,0.71165626389517278,0.25569884816915672,0.099482342647147531,0.069579456499581901],[0.65582581546894547,0.83903634540691796,0.3638451496902132,0.71625732524146202,0.2359726988877974,0.13300439069653133,0.34887821569520899,0.38719840598627853,0.067046426267850415,0.45458030349322609,0.41121523380801789,0.14081851772070794,0.51268211589785395,0.78489507817891202,0.34426363620174288,0.58645633775110184,0.37635091150940903,0.57754720262137582,0.74888905731443733,0.65800025624129932,0.28920346651654855,0.0045879050179328329,0.75748259888844682,0.35878292301613041,0.60127428574546904,0.15084140615111283,0.8209385442645003,0.6770038351775165,0.86218484251861682,0.44280492255594811,0.79287340668629547,0.51801065752190101,0.28184126749720484,0.15671855591084741,0.23426798276336305,0.51781396638500221,0.28972294660737874,0.58314619845857196,0.90501237283694203,0.35676937334089043,0.037726501486136814,0.31622760617929863],[0.41939872988471705,0.88575401244953,0.13547385117759642,0.70860219640126554,0.89034191746746283,0.89295645053170458,0.067385118951734671,0.49161620274727058,0.043797856217156095,0.8883236632162349,0.16862003745912577,0.90598269873577297,0.33112858577218307,0.96149344414542126,0.42399335579201269,0.61296985326938791,0.11821199959060737,0.65826133855537572,0.13078381965439012,0.40793494666364738,0.24140753701394774,0.035796192025670873,0.76470432000453781,0.27913403850008456,0.35202379820496954,0.26229221060047497,0.82954265634973656,0.45314648209751884,0.1041437378638162,0.96640761101916783],[0.74250354047049938,0.95905037920877823,0.29952978263587215,0.23411974275210859,0.0028482349602730176,0.18785344585210711,0.40273978067689564,0.90883093369604595,0.51898203162429013,0.36423322435665562,0.33282428948805864,0.13195188442801678,0.48244522441292426,0.99108562804343436,0.26273570408240693,0.89038017107657164,0.23249316459172087,0.29853189610807779,0.65508449061544816,0.51162720355746671,0.65055569431304727,0.91737670121592318,0.34116985944154199,0.10370217641056617,0.021520438614078069,0.30757746999504859,0.034322253910043392,0.54506290636261134,0.15973909299808511,0.10041618258711704],[0.264590798534728,0.53910215643192738,0.97114573091787548,0.78357283015901824,0.90333538125424429,0.3039700199402729,0.91552471458703499,0.38578060520150725,0.29505564751804603,0.17826041866944192,0.2761607758124176,0.52754881257542818,0.47679231477751971,0.93124526642786587,0.039176015667233624,0.12734800909056701,0.84862196717812777,0.3803458751087756,0.23105018550113318,0.8701424062578671,0.68792334510382425,0.26537243941117655,0.4152053121548171,0.84766243810190933,0.36578862199829359,0.19241288220156583,0.74990507110483251,0.42525518379418886,0.26915023488418677,0.88626744732552554,0.48756998101601839,0.53374103341891477,0.42536960329179169,0.45871571146823265,0.31731386311227172,0.32870498408037468,0.7626857314085056,0.2328385772336454,0.71448558928188199,0.057741378460890322,0.41109899590308729,0.9906463650942996],[0.2462895052723072,0.64065600402683764,0.69273542691615198,0.5116619446834838,0.055861315715993433,0.54039786455240002,0.87745056668177734,0.24827419791755928,0.29030293565723253,0.30270575047596626,0.51742443280174599,0.17657038251709675,0.79027573149198471,0.051165465754999528,0.60193998580888841,0.24899144249455604,